player_id,web_name,start_rate,minutes,expected_goals_per_90,expected_assists_per_90,expected_goals_conceded_per_90
411,Haaland,0.895,2953,0.78,0.08,1.18
426,B.Fernandes,0.921,3065,0.32,0.36,1.3
4,Gabriel,0.789,2750,0.1,0.06,0.72
397,Semenyo,0.974,3200,0.31,0.09,1.34
480,Gibbs-White,0.921,3101,0.31,0.08,1.44
13,Rice,0.921,3093,0.09,0.21,0.69
106,Thiago,0.974,3282,0.56,0.05,1.46
481,Anderson,0.974,3332,0.08,0.13,1.45
388,Guéhi,0.921,3150,0.12,0.07,1.27
165,João Pedro,0.816,2658,0.5,0.07,1.26
356,Virgil,1.0,3420,0.1,0.04,1.25
498,Senesi,0.974,3288,0.04,0.13,1.5
229,Tarkowski,0.974,3330,0.07,0.06,1.45
40,Rogers,0.974,3280,0.19,0.12,1.41
260,Wilson,0.842,2674,0.2,0.16,1.35
55,Watkins,0.868,2833,0.49,0.04,1.38
61,Truffert,1.0,3378,0.04,0.08,1.45
1,Raya,0.974,3330,0.0,0.0,0.74
368,Szoboszlai,0.947,3232,0.13,0.19,1.27
387,O'Reilly,0.763,2643,0.21,0.09,1.19
239,Garner,1.0,3413,0.06,0.16,1.48
155,Enzo,0.921,3114,0.33,0.21,1.3
12,Saka,0.658,2218,0.31,0.29,0.63
452,Bruno G.,0.711,2456,0.2,0.18,1.17
200,Lacroix,0.921,3085,0.07,0.02,1.28
389,Matheus N.,0.842,2861,0.01,0.07,1.1
533,Mukiele,0.842,2784,0.05,0.09,1.45
236,Dewsbury-Hall,0.789,2629,0.15,0.18,1.38
5,J.Timber,0.737,2452,0.17,0.06,0.64
112,Van Hecke,0.947,3210,0.09,0.04,1.3
427,Mbeumo,0.816,2611,0.41,0.17,1.24
542,E.Le Fée,0.868,2930,0.16,0.18,1.43
371,Gravenberch,0.895,2991,0.06,0.07,1.16
428,Cunha,0.763,2493,0.25,0.12,1.29
82,Kelleher,0.974,3330,0.0,0.01,1.45
346,Calvert-Lewin,0.789,2721,0.51,0.04,1.18
6,Saliba,0.789,2614,0.03,0.04,0.7
68,Tavernier,0.816,2732,0.3,0.15,1.35
335,Stach,0.737,2369,0.11,0.17,1.29
143,Chalobah,0.816,2780,0.05,0.03,1.32
69,Scott,0.895,2848,0.12,0.09,1.49
95,O.Dango,0.658,2271,0.31,0.16,1.38
529,Roefs,0.921,3150,0.0,0.0,1.43
201,Muñoz,0.763,2400,0.09,0.15,1.29
384,Donnarumma,0.895,3060,0.0,0.0,1.13
525,Fernandes,0.921,3017,0.06,0.09,1.44
399,Cherki,0.5,1772,0.22,0.45,1.28
204,Mitchell,0.947,3253,0.04,0.07,1.38
226,Pickford,1.0,3420,0.0,0.01,1.48
338,Ampadu,0.921,3119,0.07,0.06,1.4
19,Zubimendi,0.895,2991,0.09,0.07,0.79
198,Henderson,0.974,3330,0.0,0.0,1.39
367,Gakpo,0.842,2736,0.27,0.15,1.15
231,Keane,0.763,2588,0.08,0.02,1.55
398,Foden,0.605,2078,0.26,0.21,1.19
109,Verbruggen,1.0,3420,0.0,0.0,1.29
84,Collins,0.842,2971,0.07,0.05,1.44
469,N.Williams,0.947,3203,0.06,0.11,1.44
25,Gyökeres,0.684,2217,0.5,0.08,0.72
237,Ndiaye,0.842,2781,0.22,0.14,1.38
202,Richards,0.816,2825,0.08,0.05,1.31
136,Welbeck,0.684,2249,0.49,0.06,1.27
337,Aaronson,0.789,2449,0.17,0.13,1.36
445,Thiaw,0.868,2963,0.15,0.03,1.49
380,Ekitiké,0.553,1797,0.51,0.12,1.31
535,Alderete,0.842,2797,0.05,0.03,1.43
366,Wirtz,0.711,2374,0.26,0.19,1.29
94,Schade,0.842,2744,0.4,0.07,1.31
156,Neto,0.789,2629,0.16,0.23,1.29
57,Petrović,1.0,3420,0.0,0.0,1.49
544,Xhaka,0.842,2901,0.03,0.12,1.42
253,Andersen,0.868,2882,0.04,0.06,1.4
250,Leno,1.0,3420,0.0,0.0,1.39
28,Martinez,0.842,2835,0.0,0.0,1.36
400,Doku,0.5,1773,0.15,0.3,1.18
471,Milenković,0.974,3375,0.02,0.02,1.47
527,Richarlison,0.526,1954,0.4,0.07,1.18
113,F.Kadıoğlu,0.895,3130,0.06,0.1,1.28
122,Minteh,0.684,2389,0.14,0.19,1.28
499,Pedro Porro,0.842,2793,0.03,0.14,1.22
32,Cash,0.895,3016,0.03,0.09,1.36
208,Sarr,0.632,2173,0.45,0.05,1.29
532,Ballard,0.632,2144,0.1,0.03,1.39
232,O'Brien,0.921,3118,0.05,0.03,1.54
503,Van de Ven,0.921,3041,0.08,0.01,1.27
79,Evanilson,0.842,2741,0.35,0.05,1.28
142,James,0.526,1957,0.05,0.15,1.32
86,Lewis-Potter,0.579,1960,0.14,0.12,1.55
154,Palmer,0.632,1954,0.49,0.11,1.43
223,Mateta,0.658,2210,0.59,0.05,1.29
491,Igor Jesus,0.737,2293,0.25,0.05,1.52
88,Kayode,0.974,3258,0.04,0.08,1.45
96,Damsgaard,0.632,2046,0.11,0.24,1.39
85,Van den Berg,0.789,2761,0.11,0.05,1.36
423,Shaw,1.0,3220,0.02,0.06,1.25
14,Eze,0.579,1885,0.25,0.13,0.68
390,Rúben,0.632,2139,0.02,0.03,1.1
140,Sánchez,0.921,3040,0.0,0.0,1.44
78,Kroupi.Jr,0.553,1663,0.45,0.08,1.4
210,Wharton,0.763,2552,0.05,0.26,1.38
417,Dalot,0.763,2609,0.07,0.09,1.26
439,Šeško,0.447,1630,0.51,0.02,1.49
60,Hill,0.579,2102,0.04,0.05,1.43
534,Hume,0.895,3032,0.07,0.06,1.4
159,Caicedo,0.842,2796,0.05,0.08,1.37
336,Okafor,0.5,1553,0.3,0.08,1.42
8,Calafiori,0.579,1697,0.18,0.04,0.52
412,Lammens,0.842,2880,0.0,0.0,1.23
329,Rodon,0.868,2952,0.04,0.02,1.48
372,Mac Allister,0.816,2654,0.13,0.06,1.25
328,Struijk,0.868,2935,0.09,0.02,1.32
463,Woltemade,0.632,1896,0.31,0.07,1.22
453,Barnes,0.5,1951,0.32,0.13,1.4
467,Sels,0.789,2667,0.0,0.0,1.52
102,Yarmoliuk,0.789,2652,0.04,0.05,1.37
248,Beto,0.447,1551,0.52,0.01,1.4
45,McGinn,0.737,2136,0.13,0.17,1.39
257,Bassey,0.737,2532,0.06,0.01,1.35
261,Iwobi,0.763,2420,0.07,0.17,1.33
41,Buendía,0.553,1753,0.17,0.11,1.44
116,Dunk,0.816,2837,0.06,0.02,1.33
31,Konsa,0.895,3035,0.04,0.02,1.45
327,Bijol,0.553,1888,0.04,0.04,1.5
97,Jensen,0.684,2239,0.09,0.24,1.44
129,Ayari,0.526,1921,0.13,0.05,1.26
30,Digne,0.553,1842,0.03,0.16,1.36
127,Gomez,0.684,2117,0.27,0.07,1.25
144,Gusto,0.684,2255,0.06,0.12,1.48
497,Dubravka,0.921,3150,0.0,0.0,2.04
442,Pope,0.711,2416,0.01,0.0,1.23
330,Bogle,0.842,2795,0.07,0.1,1.29
249,Barry,0.553,1898,0.39,0.02,1.59
233,Mykolenko,0.868,2959,0.01,0.07,1.47
415,Dorgu,0.395,1440,0.15,0.12,1.23
269,Sessegnon,0.526,1816,0.08,0.09,1.3
130,Wieffer,0.605,1901,0.09,0.09,1.13
332,Justin,0.553,1893,0.09,0.06,1.57
448,Burn,0.658,2195,0.04,0.01,1.24
404,Reijnders,0.5,1623,0.26,0.13,1.04
552,Brobbey,0.579,1920,0.28,0.03,1.47
123,Hinshelwood,0.526,1736,0.26,0.12,1.44
350,A.Becker,0.684,2340,0.0,0.0,1.14
500,Romero,0.579,1869,0.07,0.06,1.36
431,Amad,0.711,2339,0.21,0.18,1.22
265,Berge,0.895,2904,0.05,0.05,1.34
494,Vicario,0.816,2790,0.0,0.0,1.49
418,Maguire,0.5,1649,0.06,0.03,1.25
447,Botman,0.553,1834,0.08,0.04,1.35
488,Sangaré,0.658,2073,0.05,0.08,1.44
482,Hudson-Odoi,0.553,1838,0.14,0.15,1.51
125,Georginio,0.526,1776,0.15,0.15,1.09
9,Hincapie,0.526,1787,0.02,0.08,0.88
516,Bentancur,0.605,1880,0.03,0.04,1.13
54,Gomes,0.658,2207,0.05,0.05,1.98
358,Kerkez,0.711,2251,0.06,0.03,1.2
115,De Cuyper,0.447,1404,0.11,0.26,1.54
549,Talbi,0.421,1553,0.12,0.07,1.29
472,Murillo,0.658,2130,0.03,0.02,1.39
457,J.Murphy,0.5,1606,0.17,0.15,1.36
484,Hutchinson,0.447,1676,0.11,0.21,1.31
256,Tete,0.553,1791,0.05,0.07,1.3
455,Tonali,0.816,2534,0.06,0.1,1.29
373,C.Jones,0.474,1923,0.1,0.13,1.47
545,Sadiki,0.868,2891,0.04,0.05,1.29
262,Smith Rowe,0.579,1909,0.22,0.05,1.47
513,Xavi,0.5,1747,0.16,0.2,1.58
391,Gvardiol,0.421,1370,0.15,0.05,1.05
238,Grealish,0.474,1627,0.11,0.19,1.43
449,Hall,0.632,2176,0.04,0.11,1.56
514,Tel,0.342,1334,0.17,0.16,1.17
124,Groß,0.474,1636,0.08,0.22,1.12
505,Spence,0.605,2049,0.04,0.08,1.38
73,Adams,0.553,1769,0.03,0.03,1.38
211,Yeremy,0.684,2074,0.2,0.27,1.3
101,Henderson,0.579,1911,0.02,0.11,1.33
465,Osula,0.211,805,0.48,0.07,1.62
87,Ajer,0.526,1805,0.03,0.04,1.57
48,Onana,0.553,1755,0.09,0.04,1.46
222,Strand Larsen,0.684,2301,0.21,0.04,1.41
512,Kudus,0.5,1535,0.11,0.14,1.33
15,Ødegaard,0.421,1363,0.08,0.24,1.07
553,Isidor,0.289,1148,0.37,0.03,1.55
98,Janelt,0.395,1434,0.05,0.14,1.67
536,Reinildo,0.605,1966,0.01,0.03,1.22
458,Joelinton,0.605,1950,0.11,0.06,1.33
347,Nmecha,0.263,1065,0.61,0.13,1.85
432,Mainoo,0.421,1653,0.03,0.07,1.25
16,Madueke,0.421,1205,0.09,0.21,0.95
203,Canvot,0.368,1331,0.1,0.02,1.61
459,L.Miley,0.395,1493,0.08,0.13,1.28
518,P.M.Sarr,0.342,1388,0.11,0.07,1.73
325,Darlow,0.579,1980,0.0,0.0,1.29
402,Rodrigo,0.447,1510,0.07,0.15,1.24
213,Lerma,0.474,1722,0.1,0.08,1.31
331,Gudmundsson,0.816,2637,0.04,0.1,1.4
240,Iroegbunam,0.447,1477,0.03,0.04,1.5
43,Tielemans,0.553,1857,0.06,0.16,1.52
17,Merino,0.263,1024,0.3,0.13,0.65
67,Rayan,0.342,1110,0.22,0.15,1.55
214,Kamada,0.579,1899,0.08,0.15,1.23
473,Aina,0.474,1587,0.02,0.05,1.44
393,Khusanov,0.395,1427,0.04,0.08,1.32
77,Adli,0.263,1074,0.22,0.14,1.53
267,Lukić,0.526,1730,0.12,0.1,1.44
345,Tanaka,0.368,1307,0.1,0.1,1.48
209,Johnson,0.5,1710,0.13,0.07,1.49
145,Fofana,0.526,1718,0.04,0.03,1.35
254,Robinson,0.447,1487,0.06,0.1,1.46
543,Diarra,0.395,1403,0.21,0.05,1.38
34,Pau,0.474,1673,0.07,0.02,1.23
268,King,0.395,1290,0.17,0.05,1.32
405,N.Gonzalez,0.447,1561,0.04,0.06,1.17
501,Danso,0.447,1489,0.04,0.02,1.22
357,Frimpong,0.316,1032,0.04,0.14,1.13
121,Mitoma,0.5,1714,0.21,0.14,1.25
456,J.Ramsey,0.395,1441,0.07,0.09,1.7
522,Gray,0.474,1471,0.09,0.08,1.52
47,Kamara,0.447,1410,0.03,0.05,1.33
258,Castagne,0.526,1838,0.07,0.07,1.6
392,Aït-Nouri,0.316,971,0.05,0.19,1.14
74,Brooks,0.342,1188,0.44,0.26,1.53
450,Livramento,0.368,1326,0.01,0.06,1.26
64,Smith,0.368,1073,0.0,0.02,1.52
157,Estêvão,0.316,839,0.31,0.23,1.1
430,Mount,0.316,1010,0.14,0.14,1.11
18,Martinelli,0.289,1065,0.35,0.11,0.89
46,Barkley,0.184,844,0.17,0.13,1.41
160,Garnacho,0.368,1261,0.25,0.26,1.46
344,Gruev,0.395,1318,0.03,0.06,1.73
339,Longstaff,0.263,1003,0.11,0.17,1.42
401,Marmoush,0.211,691,0.36,0.1,1.03
131,Baleba,0.605,1646,0.04,0.04,1.12
420,Yoro,0.474,1730,0.07,0.03,1.4
502,Robertson,0.289,1165,0.08,0.11,1.35
36,Maatsen,0.447,1590,0.07,0.14,1.51
470,Morato,0.368,1340,0.09,0.01,1.63
241,McNeil,0.368,1161,0.11,0.15,1.46
422,Mazraoui,0.289,977,0.02,0.03,1.2
89,Henry,0.368,1322,0.01,0.04,1.63
446,Schär,0.289,1089,0.08,0.05,1.14
419,Martinez,0.342,1229,0.01,0.04,1.11
33,Mings,0.395,1322,0.09,0.03,1.59
483,Ndoye,0.368,1167,0.08,0.12,1.23
263,Kevin,0.237,1030,0.11,0.13,1.27
520,Bergvall,0.289,955,0.12,0.04,1.29
487,Dominguez,0.447,1168,0.11,0.06,1.79
454,Elanga,0.368,1302,0.11,0.12,1.46
162,Andrey Santos,0.342,1247,0.14,0.06,1.36
75,Christie,0.237,978,0.17,0.07,1.76
517,Odobert,0.263,972,0.18,0.11,1.32
62,Diakité,0.395,1275,0.0,0.01,1.59
10,White,0.237,699,0.06,0.09,1.12
212,Hughes,0.5,1560,0.06,0.11,1.46
167,Delap,0.316,1092,0.37,0.02,1.37
519,Gallagher,0.368,1183,0.09,0.05,1.45
42,Guessand,0.237,909,0.15,0.08,1.43
369,Ngumoha,0.132,547,0.22,0.33,1.47
492,Awoniyi,0.079,480,0.69,0.14,1.94
403,Savinho,0.184,817,0.28,0.18,1.24
416,De Ligt,0.342,1170,0.11,0.06,1.44
326,Perri,0.421,1440,0.0,0.0,1.67
360,Bradley,0.316,928,0.02,0.08,1.04
264,Bobb,0.289,1030,0.13,0.18,1.11
421,Heaven,0.289,920,0.03,0.02,1.17
440,Zirkzee,0.132,607,0.41,0.05,1.4
379,Isak,0.211,694,0.34,0.01,1.09
490,Wood,0.289,896,0.43,0.03,1.45
266,Cairney,0.158,756,0.14,0.1,1.39
70,Kluivert,0.263,945,0.22,0.15,1.71
71,Cook,0.211,872,0.01,0.05,1.44
35,Bogarde,0.289,1042,0.0,0.02,1.33
526,Solanke,0.289,997,0.27,0.03,1.61
11,Mosquera,0.237,986,0.01,0.06,0.83
475,Savona,0.289,1025,0.12,0.04,1.32
114,Boscagli,0.237,799,0.01,0.05,1.22
151,Acheampong,0.211,657,0.08,0.02,2.15
255,J.Cuenca,0.289,935,0.0,0.05,1.41
460,Willock,0.263,972,0.12,0.1,1.65
433,Ugarte,0.211,876,0.07,0.02,1.87
90,Hickey,0.211,679,0.06,0.02,1.2
370,Chiesa,0.026,317,0.41,0.17,1.85
215,Devenny,0.184,785,0.27,0.04,1.69
271,Muniz,0.263,987,0.3,0.01,1.26
246,Röhl,0.158,675,0.09,0.05,1.77
26,Havertz,0.184,577,0.52,0.1,1.04
548,Rigg,0.289,758,0.1,0.11,1.48
138,Kostoulas,0.053,351,0.54,0.14,1.55
147,Tosin,0.211,788,0.01,0.05,1.51
546,Adingra,0.237,649,0.05,0.09,1.57
351,Mamardashvili,0.263,867,0.0,0.0,1.38
359,Gomez,0.184,594,0.04,0.1,1.41
230,Branthwaite,0.184,678,0.05,0.01,1.25
341,Gnonto,0.105,521,0.07,0.13,2.07
259,Diop,0.211,812,0.09,0.01,1.38
489,Yates,0.053,602,0.07,0.06,1.28
506,Udogie,0.368,1335,0.01,0.05,1.29
7,Lewis-Skelly,0.132,697,0.01,0.03,1.16
37,Lindelöf,0.289,942,0.03,0.01,1.52
243,Alcaraz,0.158,679,0.16,0.07,1.8
464,Wissa,0.105,517,0.54,0.09,1.74
80,Enes Ünal,0.0,214,0.84,0.03,2.59
539,O'Nien,0.132,565,0.02,0.02,1.47
485,Bakwa,0.158,549,0.09,0.17,1.79
333,Bornauw,0.132,429,0.04,0.0,1.83
158,Gittens,0.132,486,0.15,0.17,1.65
27,G.Jesus,0.079,418,0.58,0.06,0.85
343,James,0.158,547,0.15,0.12,2.37
224,Nketiah,0.053,414,0.38,0.1,2.06
56,Abraham,0.053,278,0.66,0.12,1.66
234,Patterson,0.079,238,0.01,0.02,1.39
44,Bailey,0.079,450,0.1,0.29,1.41
244,Armstrong,0.158,524,0.14,0.04,1.88
206,Chadi Riad,0.158,550,0.05,0.02,1.49
496,Kinsky,0.184,630,0.0,0.0,0.79
395,Lewis,0.105,401,0.04,0.31,1.53
148,Hato,0.316,1139,0.02,0.05,1.46
63,Milosavljević,0.105,367,0.04,0.05,1.08
245,Dibling,0.105,349,0.05,0.04,1.71
486,McAtee,0.053,288,0.06,0.12,2.29
225,Uche,0.0,159,0.28,0.01,2.62
348,Piroe,0.053,244,0.33,0.05,2.51
126,O'Riley,0.053,202,0.54,0.08,1.13
137,Tzimas,0.026,132,0.3,0.08,1.77
242,George,0.026,351,0.16,0.31,1.66
531,Ellborg,0.079,270,0.0,0.01,1.37
20,Dowman,0.026,152,0.7,0.18,0.52
29,M.Bizot,0.158,585,0.0,0.0,1.7
270,Reed,0.026,89,0.13,0.46,3.47
547,Mundle,0.053,399,0.2,0.11,1.93
91,Pinnock,0.105,318,0.0,0.02,1.05
24,Nelson,0.0,118,0.54,0.08,2.3
161,Lavia,0.105,374,0.05,0.13,2.05
100,Carvalho,0.026,100,0.63,0.03,1.87
474,Jair Cunha,0.158,514,0.05,0.01,1.81
551,Angulo,0.132,401,0.17,0.03,1.63
385,Trafford,0.105,360,0.0,0.0,1.44
168,Marc Guiu,0.026,265,0.52,0.1,2.0
374,Endo,0.026,170,0.02,0.03,2.18
104,Onyeka,0.0,88,0.0,0.37,2.07
342,Harrison,0.026,262,0.1,0.08,1.31
72,Gannon-Doak,0.0,105,0.22,0.11,4.06
468,John,0.132,437,0.0,0.0,1.26
413,Bayindir,0.158,540,0.0,0.01,1.54
478,Netz,0.079,353,0.0,0.1,2.01
117,Coppola,0.053,193,0.0,0.0,2.11
508,Davies,0.053,136,0.32,0.05,0.73
141,Jörgensen,0.079,378,0.0,0.0,0.98
406,Kovačić,0.026,125,0.09,0.3,2.88
493,Kalimuendo,0.0,89,0.44,0.02,1.59
149,Colwill,0.053,225,0.0,0.05,1.34
76,Tóth.A,0.053,135,0.07,0.22,3.27
22,Nwaneri,0.0,165,0.13,0.04,0.4
199,Benitez,0.026,90,0.0,0.0,1.12
146,B.Badiashile,0.158,470,0.0,0.01,1.42
21,Nørgaard,0.026,101,0.07,0.04,2.03
118,Igor,0.026,103,0.0,0.0,4.07
272,Kusi-Asare,0.0,49,0.0,0.13,2.02
375,Nyoni,0.0,21,1.59,0.09,3.64
205,Sosa,0.0,99,0.04,0.06,0.82
352,Woodman,0.053,212,0.0,0.0,2.02
383,Elliott,0.026,110,0.24,0.07,1.42
38,A.García,0.026,83,0.0,0.01,2.97
394,Alleyne,0.053,135,0.17,0.04,1.03
133,Watson,0.0,57,0.06,0.05,2.72
216,Esse,0.0,40,0.0,0.09,3.92
132,Howell,0.026,92,0.0,0.03,1.02
128,Buonanotte,0.026,81,0.07,0.31,2.79
511,Souza,0.053,142,0.01,0.02,1.65
52,Alysson,0.0,47,0.1,0.1,3.58
66,Soler,0.0,34,0.0,0.0,4.29
515,Maddison,0.0,34,0.56,0.16,1.72
435,Lacey,0.0,40,0.22,0.02,1.15
150,M.Sarr,0.026,100,0.32,0.0,1.47
434,J.Fletcher,0.0,107,0.03,0.02,1.56
477,Abbott,0.053,165,0.0,0.01,1.89
537,Seelt,0.026,133,0.0,0.01,0.9
438,Fletcher,0.0,17,0.0,0.05,1.75
220,Cardines,0.026,90,0.02,0.16,2.53
451,A.Murphy,0.0,7,0.0,0.0,6.3
221,Drakes-Thomas,0.0,7,0.0,0.0,9.39
51,George Hemmings,0.0,25,0.14,0.04,2.2
528,Scarlett,0.0,7,0.0,0.13,0.39
2,Arrizabalaga,0.026,90,0.0,0.0,0.98
103,Dasilva,0.0,2,3.6,0.0,2.25
409,Mukasa,0.0,25,0.0,0.76,1.22
107,Furo,0.0,1,0.0,0.0,1.8
50,Burrowes,0.0,16,0.0,0.0,5.06
524,Olusesi,0.0,14,0.0,0.06,4.82
540,Masuaku,0.053,125,0.05,0.06,1.5
83,Valdimarsson,0.026,90,0.0,0.0,0.97
466,Neave,0.0,13,0.21,0.0,2.56
134,Oriola,0.0,1,0.0,0.0,0.0
425,Fredricson,0.0,2,0.0,0.0,13.5
437,Bendito Mantato,0.0,15,0.0,0.06,0.3
169,Mheuka,0.0,1,0.0,0.0,4.5
163,D.Essugo,0.0,26,0.0,0.03,1.9
99,Milambo,0.026,45,0.0,0.02,2.98
550,Jocelin.T,0.026,38,0.0,0.09,0.57
510,Rowswell,0.0,1,0.0,0.0,32.4
509,Byfield,0.0,1,0.0,0.0,0.0
521,Kulusevski,0.0,0,0.0,0.0,0.0
507,Phillips,0.0,0,0.0,0.0,0.0
59,Dennis,0.0,0,0.0,0.0,0.0
58,Forster,0.0,0,0.0,0.0,0.0
582,Madjo,0.0,0,0.0,0.0,0.0
53,Manzambi,0.0,0,0.0,0.0,0.0
307,Johnson,0.0,0,0.0,0.0,0.0
306,Greaves,0.0,0,0.0,0.0,0.0
305,Davis,0.0,0,0.0,0.0,0.0
304,O'Shea,0.0,0,0.0,0.0,0.0
303,Kipré,0.0,0,0.0,0.0,0.0
302,Button,0.0,0,0.0,0.0,0.0
301,Palmer,0.0,0,0.0,0.0,0.0
300,Walton,0.0,0,0.0,0.0,0.0
589,Gourna-Douath,0.0,0,0.0,0.0,0.0
586,Mendy,0.0,0,0.0,0.0,0.0
585,Herrington,0.0,0,0.0,0.0,0.0
541,Meunier,0.0,0,0.0,0.0,0.0
3,Meslier,0.0,0,0.0,0.0,0.0
365,Ramsay,0.0,0,0.0,0.0,0.0
364,Tsimikas,0.0,0,0.0,0.0,0.0
363,Leoni,0.0,0,0.0,0.0,0.0
362,Jacquet,0.0,0,0.0,0.0,0.0
361,Lucky,0.0,0,0.0,0.0,0.0
355,Davies,0.0,0,0.0,0.0,0.0
354,Jaros,0.0,0,0.0,0.0,0.0
252,McNally,0.0,0,0.0,0.0,0.0
251,Lecomte,0.0,0,0.0,0.0,0.0
247,Hackney,0.0,0,0.0,0.0,0.0
273,Phillips,0.0,0,0.0,0.0,0.0
580,Charles,0.0,0,0.0,0.0,0.0
570,Palacios,0.0,0,0.0,0.0,0.0
569,Gonzalo,0.0,0,0.0,0.0,0.0
218,Doucouré,0.0,0,0.0,0.0,0.0
217,M.França,0.0,0,0.0,0.0,0.0
579,Araujo,0.0,0,0.0,0.0,0.0
382,Danns,0.0,0,0.0,0.0,0.0
381,Koumas,0.0,0,0.0,0.0,0.0
378,McConnell,0.0,0,0.0,0.0,0.0
377,Munoz,0.0,0,0.0,0.0,0.0
376,Bajcetic,0.0,0,0.0,0.0,0.0
235,Aznou,0.0,0,0.0,0.0,0.0
228,King,0.0,0,0.0,0.0,0.0
227,Travers,0.0,0,0.0,0.0,0.0
353,Pecsi,0.0,0,0.0,0.0,0.0
349,Mateo Joseph,0.0,0,0.0,0.0,0.0
289,Crooks,0.0,0,0.0,0.0,0.0
288,Dowell,0.0,0,0.0,0.0,0.0
287,Millar,0.0,0,0.0,0.0,0.0
286,Belloumi,0.0,0,0.0,0.0,0.0
285,McNair,0.0,0,0.0,0.0,0.0
284,McCarthy,0.0,0,0.0,0.0,0.0
283,Jacob,0.0,0,0.0,0.0,0.0
282,Giles,0.0,0,0.0,0.0,0.0
407,Echeverri,0.0,0,0.0,0.0,0.0
396,Vitor Reis,0.0,0,0.0,0.0,0.0
386,Bettinelli,0.0,0,0.0,0.0,0.0
207,Mingueza,0.0,0,0.0,0.0,0.0
584,Hamer,0.0,0,0.0,0.0,0.0
588,Khalaili,0.0,0,0.0,0.0,0.0
577,Tomiyasu,0.0,0,0.0,0.0,0.0
555,Matthews,0.0,0,0.0,0.0,0.0
219,J.Rak-Sakyi,0.0,0,0.0,0.0,0.0
195,Simms,0.0,0,0.0,0.0,0.0
194,Thomas-Asante,0.0,0,0.0,0.0,0.0
193,Wright,0.0,0,0.0,0.0,0.0
192,Andrews,0.0,0,0.0,0.0,0.0
191,Borges Rodrigues,0.0,0,0.0,0.0,0.0
190,Tchaouna,0.0,0,0.0,0.0,0.0
189,Shepherd,0.0,0,0.0,0.0,0.0
188,Torp,0.0,0,0.0,0.0,0.0
187,Eccles,0.0,0,0.0,0.0,0.0
186,Mason-Clark,0.0,0,0.0,0.0,0.0
185,Sakamoto,0.0,0,0.0,0.0,0.0
184,Grimes,0.0,0,0.0,0.0,0.0
587,Rulli,0.0,0,0.0,0.0,0.0
410,Monga,0.0,0,0.0,0.0,0.0
408,Phillips,0.0,0,0.0,0.0,0.0
176,Dasilva,0.0,0,0.0,0.0,0.0
175,van Ewijk,0.0,0,0.0,0.0,0.0
174,Kitching,0.0,0,0.0,0.0,0.0
173,Thomas,0.0,0,0.0,0.0,0.0
172,Wilson,0.0,0,0.0,0.0,0.0
171,Dovin,0.0,0,0.0,0.0,0.0
110,Rushworth,0.0,0,0.0,0.0,0.0
583,Chavarria,0.0,0,0.0,0.0,0.0
424,Amass,0.0,0,0.0,0.0,0.0
414,Heaton,0.0,0,0.0,0.0,0.0
575,Yirenkyi,0.0,0,0.0,0.0,0.0
197,Bassette,0.0,0,0.0,0.0,0.0
196,Markelo,0.0,0,0.0,0.0,0.0
443,Gillespie,0.0,0,0.0,0.0,0.0
441,Obi,0.0,0,0.0,0.0,0.0
436,Collyer,0.0,0,0.0,0.0,0.0
429,Rashford,0.0,0,0.0,0.0,0.0
183,Rudoni,0.0,0,0.0,0.0,0.0
182,Amenda,0.0,0,0.0,0.0,0.0
181,Brau,0.0,0,0.0,0.0,0.0
180,Woolfenden,0.0,0,0.0,0.0,0.0
179,Latibeaudiere,0.0,0,0.0,0.0,0.0
178,Bidwell,0.0,0,0.0,0.0,0.0
177,Kesler-Hayden,0.0,0,0.0,0.0,0.0
281,Drameh,0.0,0,0.0,0.0,0.0
280,Coyle,0.0,0,0.0,0.0,0.0
279,Ajayi,0.0,0,0.0,0.0,0.0
278,Hughes,0.0,0,0.0,0.0,0.0
277,Egan,0.0,0,0.0,0.0,0.0
276,Lo-Tutala,0.0,0,0.0,0.0,0.0
275,Cartwright,0.0,0,0.0,0.0,0.0
274,Butland,0.0,0,0.0,0.0,0.0
334,Muharemović,0.0,0,0.0,0.0,0.0
592,Ouattara,0.0,0,0.0,0.0,0.0
591,Enciso,0.0,0,0.0,0.0,0.0
571,Florentino,0.0,0,0.0,0.0,0.0
564,Scherpen,0.0,0,0.0,0.0,0.0
576,Stroud,0.0,0,0.0,0.0,0.0
574,Hjertø-Dahl,0.0,0,0.0,0.0,0.0
572,Tzolakis,0.0,0,0.0,0.0,0.0
461,Touré,0.0,0,0.0,0.0,0.0
444,Jaouen,0.0,0,0.0,0.0,0.0
578,Mudryk,0.0,0,0.0,0.0,0.0
568,Barco,0.0,0,0.0,0.0,0.0
561,Anselmino,0.0,0,0.0,0.0,0.0
560,Penders,0.0,0,0.0,0.0,0.0
170,Emegha,0.0,0,0.0,0.0,0.0
166,N.Jackson,0.0,0,0.0,0.0,0.0
164,Quenda,0.0,0,0.0,0.0,0.0
567,Horníček,0.0,0,0.0,0.0,0.0
559,Bamba,0.0,0,0.0,0.0,0.0
462,Steur,0.0,0,0.0,0.0,0.0
504,Vuskovic,0.0,0,0.0,0.0,0.0
139,Ferguson,0.0,0,0.0,0.0,0.0
135,Yohanna,0.0,0,0.0,0.0,0.0
153,Disasi,0.0,0,0.0,0.0,0.0
152,Palestra,0.0,0,0.0,0.0,0.0
563,Morita,0.0,0,0.0,0.0,0.0
556,Targett,0.0,0,0.0,0.0,0.0
340,Gelhardt,0.0,0,0.0,0.0,0.0
299,Burstow,0.0,0,0.0,0.0,0.0
298,Destan,0.0,0,0.0,0.0,0.0
297,Gyabi,0.0,0,0.0,0.0,0.0
296,Akintola,0.0,0,0.0,0.0,0.0
295,McBurnie,0.0,0,0.0,0.0,0.0
294,Zambrano,0.0,0,0.0,0.0,0.0
293,Kamara,0.0,0,0.0,0.0,0.0
292,Ömür,0.0,0,0.0,0.0,0.0
291,Matazo,0.0,0,0.0,0.0,0.0
290,Slater,0.0,0,0.0,0.0,0.0
562,Maeda,0.0,0,0.0,0.0,0.0
554,Van Oevelen,0.0,0,0.0,0.0,0.0
324,Mehmeti,0.0,0,0.0,0.0,0.0
105,Anthony,0.0,0,0.0,0.0,0.0
479,Bindon,0.0,0,0.0,0.0,0.0
476,O.Richards,0.0,0,0.0,0.0,0.0
120,Svoboda,0.0,0,0.0,0.0,0.0
119,Costinha,0.0,0,0.0,0.0,0.0
65,J.Araujo,0.0,0,0.0,0.0,0.0
495,Austin,0.0,0,0.0,0.0,0.0
590,Benda,0.0,0,0.0,0.0,0.0
581,Diomande,0.0,0,0.0,0.0,0.0
558,Schlager,0.0,0,0.0,0.0,0.0
93,Schuster,0.0,0,0.0,0.0,0.0
92,Ji-soo,0.0,0,0.0,0.0,0.0
573,Sanchez,0.0,0,0.0,0.0,0.0
566,Silva,0.0,0,0.0,0.0,0.0
81,Rodríguez,0.0,0,0.0,0.0,0.0
111,Steele,0.0,0,0.0,0.0,0.0
565,Sangaré,0.0,0,0.0,0.0,0.0
108,Wilson,0.0,0,0.0,0.0,0.0
323,McAteer,0.0,0,0.0,0.0,0.0
322,Al-Hamadi,0.0,0,0.0,0.0,0.0
321,Walle Egeli,0.0,0,0.0,0.0,0.0
320,Akpom,0.0,0,0.0,0.0,0.0
319,Szmodics,0.0,0,0.0,0.0,0.0
318,Philogene,0.0,0,0.0,0.0,0.0
317,Hirst,0.0,0,0.0,0.0,0.0
316,Emersonn,0.0,0,0.0,0.0,0.0
315,Fatawu,0.0,0,0.0,0.0,0.0
314,Ogbene,0.0,0,0.0,0.0,0.0
313,Clarke,0.0,0,0.0,0.0,0.0
312,Taylor,0.0,0,0.0,0.0,0.0
311,Burns,0.0,0,0.0,0.0,0.0
310,Matusiwa,0.0,0,0.0,0.0,0.0
309,Núñez,0.0,0,0.0,0.0,0.0
308,Furlong,0.0,0,0.0,0.0,0.0
538,Hjelde,0.0,0,0.0,0.0,0.0
530,Patterson,0.0,0,0.0,0.0,0.0
523,Moore,0.0,0,0.0,0.0,0.0
557,Tzolis,0.0,0,0.0,0.0,0.0
23,Fábio Vieira,0.0,0,0.0,0.0,0.0
49,Iling Jr,0.0,0,0.0,0.0,0.0
39,Nedeljkovic,0.0,0,0.0,0.0,0.0
