position,GW6,GW7,GW8,GW9
MID,B.Fernandes,B.Fernandes,B.Fernandes,B.Fernandes
MID,Gibbs-White,Gibbs-White,Gibbs-White,Gibbs-White
FWD,Thiago,Thiago,Thiago,Thiago
FWD,João Pedro,João Pedro,João Pedro,João Pedro
GKP,Raya,Raya,Raya,Raya
MID,Enzo,Enzo,Enzo,Enzo
MID,Mbeumo,Mbeumo,Mbeumo,Mbeumo
MID,E.Le Fée,E.Le Fée,E.Le Fée,E.Le Fée
GKP,Roefs,Roefs,Roefs,Roefs
DEF,Calafiori,Calafiori,Calafiori,Calafiori
FWD,Calvert-Lewin,Calvert-Lewin,Calvert-Lewin,Calvert-Lewin
DEF,Thiaw,Thiaw,Thiaw,Thiaw
DEF,F.Kadıoğlu,F.Kadıoğlu,F.Kadıoğlu,F.Kadıoğlu
DEF,Van Hecke,Van Hecke,Van Hecke,Van Hecke
DEF,Shaw,Shaw,Shaw,Shaw
