squad_type,role,bench_order,is_captain,is_vice_captain,web_name,team_name,position,now_cost,xp_next,photo_url,next_opponent,next_is_home,next_fixture_difficulty,xp_horizon,fixtures_horizon,start_rate,xp_ceiling,haul_probability,set_piece_duties
Base,Titular,0,True,False,B.Fernandes,Man Utd,MID,11.9,7.94,https://resources.premierleague.com/premierleague/photos/players/40x40/p141746.png,Spurs,True,2,19.98,TOT(H) · LEE(A) · BOU(H) · CHE(A),0.96,12.0,0.2,"Penales, Tiros libres, Córners"
Base,Titular,0,False,True,João Pedro,Chelsea,FWD,7.7,6.63,https://resources.premierleague.com/premierleague/photos/players/40x40/p475168.png,Bournemouth,True,3,13.7,BOU(H) · EVE(A) · TOT(H) · MUN(H),0.81,6.0,0.076,
Base,Titular,0,False,False,Mbeumo,Man Utd,MID,7.9,6.05,https://resources.premierleague.com/premierleague/photos/players/40x40/p446008.png,Spurs,True,2,18.84,TOT(H) · LEE(A) · BOU(H) · CHE(A),0.91,12.0,0.183,
Base,Titular,0,False,False,Gibbs-White,Nott'm Forest,MID,8.0,5.38,https://resources.premierleague.com/premierleague/photos/players/40x40/p222531.png,Crystal Palace,False,3,16.45,CRY(A) · ARS(H) · IPS(A) · BRE(A),0.96,8.0,0.068,"Penales, Tiros libres"
Base,Titular,0,False,False,Raya,Arsenal,GKP,6.1,5.14,https://resources.premierleague.com/premierleague/photos/players/40x40/p154561.png,Leeds,True,3,14.07,LEE(H) · NFO(A) · EVE(H) · LIV(A),0.99,6.0,0.0,
Base,Titular,0,False,False,Calafiori,Arsenal,DEF,5.9,4.04,https://resources.premierleague.com/premierleague/photos/players/40x40/p466075.png,Leeds,True,3,16.18,LEE(H) · NFO(A) · EVE(H) · LIV(A),0.81,9.0,0.077,
Base,Titular,0,False,False,Thiaw,Newcastle,DEF,5.0,3.49,https://resources.premierleague.com/premierleague/photos/players/40x40/Photo-Missing.png,Coventry City,False,2,16.31,COV(A) · AVL(H) · CRY(A) · EVE(H),0.93,8.0,0.04,
Base,Titular,0,False,False,E.Le Fée,Sunderland,MID,5.7,3.36,https://resources.premierleague.com/premierleague/photos/players/40x40/Photo-Missing.png,Brighton,True,3,16.57,BHA(H) · BOU(A) · LEE(H) · COV(A),0.93,8.0,0.059,Córners
Base,Titular,0,False,False,Van Hecke,Spurs,DEF,4.9,3.12,https://resources.premierleague.com/premierleague/photos/players/40x40/p469142.png,Man Utd,False,4,16.73,MUN(A) · COV(H) · CHE(A) · CRY(H),0.97,6.0,0.015,
Base,Titular,0,False,False,F.Kadıoğlu,Brighton,DEF,4.4,2.71,https://resources.premierleague.com/premierleague/photos/players/40x40/p231416.png,Sunderland,False,3,9.93,SUN(A) · CRY(H) · LIV(A) · MCI(A),0.85,6.0,0.014,
Base,Titular,0,False,False,Shaw,Man Utd,DEF,4.3,2.64,https://resources.premierleague.com/premierleague/photos/players/40x40/p106760.png,Spurs,True,2,13.55,TOT(H) · LEE(A) · BOU(H) · CHE(A),0.9,6.0,0.012,
Base,Banco,1,False,False,Roefs,Sunderland,GKP,4.9,2.11,https://resources.premierleague.com/premierleague/photos/players/40x40/Photo-Missing.png,Brighton,True,3,11.93,BHA(H) · BOU(A) · LEE(H) · COV(A),0.96,6.0,0.0,
Base,Banco,2,False,False,Thiago,Brentford,FWD,7.8,1.97,https://resources.premierleague.com/premierleague/photos/players/40x40/p502500.png,Aston Villa,False,3,17.67,AVL(A) · LIV(H) · HUL(A) · NFO(H),0.99,10.0,0.116,Penales
Base,Banco,3,False,False,Enzo,Man City,MID,6.9,1.62,https://resources.premierleague.com/premierleague/photos/players/40x40/p448047.png,Liverpool,False,4,13.17,LIV(A) · IPS(H) · AVL(A) · BHA(H),0.76,7.0,0.027,
Base,Banco,4,False,False,Calvert-Lewin,Leeds,FWD,6.0,1.15,https://resources.premierleague.com/premierleague/photos/players/40x40/p177815.png,Arsenal,False,5,11.63,ARS(A) · MUN(H) · SUN(A) · BOU(A),0.9,6.0,0.013,Penales
Base proyectado,Titular,0,True,False,B.Fernandes,Man Utd,MID,11.9,7.94,https://resources.premierleague.com/premierleague/photos/players/40x40/p141746.png,Spurs,True,2,19.98,TOT(H) · LEE(A) · BOU(H) · CHE(A),0.96,12.0,0.2,"Penales, Tiros libres, Córners"
Base proyectado,Titular,0,False,True,João Pedro,Chelsea,FWD,7.7,6.63,https://resources.premierleague.com/premierleague/photos/players/40x40/p475168.png,Bournemouth,True,3,13.7,BOU(H) · EVE(A) · TOT(H) · MUN(H),0.81,6.0,0.076,
Base proyectado,Titular,0,False,False,Mbeumo,Man Utd,MID,7.9,6.05,https://resources.premierleague.com/premierleague/photos/players/40x40/p446008.png,Spurs,True,2,18.84,TOT(H) · LEE(A) · BOU(H) · CHE(A),0.91,12.0,0.183,
Base proyectado,Titular,0,False,False,Gibbs-White,Nott'm Forest,MID,8.0,5.38,https://resources.premierleague.com/premierleague/photos/players/40x40/p222531.png,Crystal Palace,False,3,16.45,CRY(A) · ARS(H) · IPS(A) · BRE(A),0.96,8.0,0.068,"Penales, Tiros libres"
Base proyectado,Titular,0,False,False,Raya,Arsenal,GKP,6.1,5.14,https://resources.premierleague.com/premierleague/photos/players/40x40/p154561.png,Leeds,True,3,14.07,LEE(H) · NFO(A) · EVE(H) · LIV(A),0.99,6.0,0.0,
Base proyectado,Titular,0,False,False,Calafiori,Arsenal,DEF,5.9,4.04,https://resources.premierleague.com/premierleague/photos/players/40x40/p466075.png,Leeds,True,3,16.18,LEE(H) · NFO(A) · EVE(H) · LIV(A),0.81,9.0,0.077,
Base proyectado,Titular,0,False,False,Thiaw,Newcastle,DEF,5.0,3.49,https://resources.premierleague.com/premierleague/photos/players/40x40/Photo-Missing.png,Coventry City,False,2,16.31,COV(A) · AVL(H) · CRY(A) · EVE(H),0.93,8.0,0.04,
Base proyectado,Titular,0,False,False,E.Le Fée,Sunderland,MID,5.7,3.36,https://resources.premierleague.com/premierleague/photos/players/40x40/Photo-Missing.png,Brighton,True,3,16.57,BHA(H) · BOU(A) · LEE(H) · COV(A),0.93,8.0,0.059,Córners
Base proyectado,Titular,0,False,False,Van Hecke,Spurs,DEF,4.9,3.12,https://resources.premierleague.com/premierleague/photos/players/40x40/p469142.png,Man Utd,False,4,16.73,MUN(A) · COV(H) · CHE(A) · CRY(H),0.97,6.0,0.015,
Base proyectado,Titular,0,False,False,F.Kadıoğlu,Brighton,DEF,4.4,2.71,https://resources.premierleague.com/premierleague/photos/players/40x40/p231416.png,Sunderland,False,3,9.93,SUN(A) · CRY(H) · LIV(A) · MCI(A),0.85,6.0,0.014,
Base proyectado,Titular,0,False,False,Shaw,Man Utd,DEF,4.3,2.64,https://resources.premierleague.com/premierleague/photos/players/40x40/p106760.png,Spurs,True,2,13.55,TOT(H) · LEE(A) · BOU(H) · CHE(A),0.9,6.0,0.012,
Base proyectado,Banco,1,False,False,Roefs,Sunderland,GKP,4.9,2.11,https://resources.premierleague.com/premierleague/photos/players/40x40/Photo-Missing.png,Brighton,True,3,11.93,BHA(H) · BOU(A) · LEE(H) · COV(A),0.96,6.0,0.0,
Base proyectado,Banco,2,False,False,Thiago,Brentford,FWD,7.8,1.97,https://resources.premierleague.com/premierleague/photos/players/40x40/p502500.png,Aston Villa,False,3,17.67,AVL(A) · LIV(H) · HUL(A) · NFO(H),0.99,10.0,0.116,Penales
Base proyectado,Banco,3,False,False,Enzo,Man City,MID,6.9,1.62,https://resources.premierleague.com/premierleague/photos/players/40x40/p448047.png,Liverpool,False,4,13.17,LIV(A) · IPS(H) · AVL(A) · BHA(H),0.76,7.0,0.027,
Base proyectado,Banco,4,False,False,Calvert-Lewin,Leeds,FWD,6.0,1.15,https://resources.premierleague.com/premierleague/photos/players/40x40/p177815.png,Arsenal,False,5,11.63,ARS(A) · MUN(H) · SUN(A) · BOU(A),0.9,6.0,0.013,Penales
Wildcard,Titular,0,True,False,Tarkowski,Everton,DEF,6.2,11.32,https://resources.premierleague.com/premierleague/photos/players/40x40/p17761.png,Hull City,False,2,13.6,HUL(A) · CHE(H) · ARS(A) · NEW(A),0.99,6.0,0.03,
Wildcard,Titular,0,False,True,B.Fernandes,Man Utd,MID,11.9,7.94,https://resources.premierleague.com/premierleague/photos/players/40x40/p141746.png,Spurs,True,2,19.98,TOT(H) · LEE(A) · BOU(H) · CHE(A),0.96,12.0,0.2,"Penales, Tiros libres, Córners"
Wildcard,Titular,0,False,False,Schade,Brentford,MID,6.2,7.18,https://resources.premierleague.com/premierleague/photos/players/40x40/p513418.png,Aston Villa,False,3,16.15,AVL(A) · LIV(H) · HUL(A) · NFO(H),0.92,8.0,0.065,
Wildcard,Titular,0,False,False,Groß,Brighton,MID,5.9,6.93,https://resources.premierleague.com/premierleague/photos/players/40x40/p60307.png,Sunderland,False,3,9.22,SUN(A) · CRY(H) · LIV(A) · MCI(A),0.74,7.0,0.03,"Penales, Tiros libres, Córners"
Wildcard,Titular,0,False,False,Hall,Newcastle,DEF,5.3,6.75,https://resources.premierleague.com/premierleague/photos/players/40x40/p487838.png,Coventry City,False,2,14.07,COV(A) · AVL(H) · CRY(A) · EVE(H),0.82,6.0,0.021,"Tiros libres, Córners"
Wildcard,Titular,0,False,False,Pickford,Everton,GKP,5.5,6.67,https://resources.premierleague.com/premierleague/photos/players/40x40/p111234.png,Hull City,False,2,9.86,HUL(A) · CHE(H) · ARS(A) · NEW(A),1.0,6.0,0.0,
Wildcard,Titular,0,False,False,João Pedro,Chelsea,FWD,7.7,6.63,https://resources.premierleague.com/premierleague/photos/players/40x40/p475168.png,Bournemouth,True,3,13.7,BOU(H) · EVE(A) · TOT(H) · MUN(H),0.81,6.0,0.076,
Wildcard,Titular,0,False,False,Cunha,Man Utd,MID,7.9,6.11,https://resources.premierleague.com/premierleague/photos/players/40x40/p430871.png,Spurs,True,2,13.34,TOT(H) · LEE(A) · BOU(H) · CHE(A),0.88,8.0,0.063,
Wildcard,Titular,0,False,False,Mbeumo,Man Utd,MID,7.9,6.05,https://resources.premierleague.com/premierleague/photos/players/40x40/p446008.png,Spurs,True,2,18.84,TOT(H) · LEE(A) · BOU(H) · CHE(A),0.91,12.0,0.183,
Wildcard,Titular,0,False,False,De Cuyper,Brighton,DEF,5.0,5.5,https://resources.premierleague.com/premierleague/photos/players/40x40/Photo-Missing.png,Sunderland,False,3,11.06,SUN(A) · CRY(H) · LIV(A) · MCI(A),0.72,8.0,0.052,
Wildcard,Titular,0,False,False,Mitchell,Crystal Palace,DEF,4.5,4.67,https://resources.premierleague.com/premierleague/photos/players/40x40/p244723.png,Nott'm Forest,True,3,13.36,NFO(H) · BHA(A) · NEW(H) · TOT(A),0.97,6.0,0.023,
Wildcard,Banco,1,False,False,Dubravka,Spurs,GKP,4.0,0.0,https://resources.premierleague.com/premierleague/photos/players/40x40/p67089.png,Man Utd,False,4,4.64,MUN(A) · COV(H) · CHE(A) · CRY(H),0.46,2.0,0.0,
Wildcard,Banco,2,False,False,Diop,Ipswich Town,DEF,4.0,1.94,https://resources.premierleague.com/premierleague/photos/players/40x40/p219924.png,Fulham,True,2,9.32,FUL(H) · MCI(A) · NFO(H) · HUL(A),0.61,6.0,0.017,
Wildcard,Banco,3,False,False,Georginio,Brighton,FWD,5.3,1.09,https://resources.premierleague.com/premierleague/photos/players/40x40/p463067.png,Sunderland,False,3,3.79,SUN(A) · CRY(H) · LIV(A) · MCI(A),0.36,5.0,0.005,
Wildcard,Banco,4,False,False,Nmecha,Leeds,FWD,5.4,0.07,https://resources.premierleague.com/premierleague/photos/players/40x40/p174594.png,Arsenal,False,5,1.72,ARS(A) · MUN(H) · SUN(A) · BOU(A),0.12,2.0,0.002,
